	id	label
0	253	RUA ESMALTE,DO
1	43	RUA 1065
2	509	AV OITIS,DOS
3	536	RUA LAGOSTA,DA
4	1044	RUA 261 A
5	944	RUA 1.141
6	930	RUA 13 C RUA 15 E AV. H QD. C8 LOTES 5–931-34
7	967	AVENIDA C 198
8	282	ALAMEDA ARIES
9	205	RUA ITUMBIARA
10	343	AVENIDA NOSSA SENHORA APARECIDA
11	1240	RUA SERVICO,DE
12	507	RUA 71
13	38	AV. LAGUNA
14	247	RUA C 248
15	1055	RUA T 28 A
16	348	AVENIDA ROMA
17	18	RUA 90
18	512	RUA 145
19	857	RUA MADRI 32
20	1156	RUA R 35
21	1313	RUA PRES LEBRUN
22	784	RUA SAMUEL MORSE
23	408	GO 070
24	19	RUA SALVADOR
25	294	RUA K
26	214	VIELA 1141
27	1400	AVENIDA TUPINAMBAS
28	1052	RUA GLORIA,DA
29	459	RUA 148
30	148	R PARATI
31	327	RESIDENCIAL ALICE BARBOSA
32	167	AVENIDA PEDRO ALVARES CABRAL
33	8	RUA C 180
34	381	RUA RSC 7
35	1091	AVENIDA 4 DE OUTUBRO
36	39	RUA C 83
37	1208	RUA CENTER
38	353	RUA NATAL
39	379	RUA JARDINS FLORENCA
40	1217	RUA 17 A
41	73	R 2
42	16	RUA GB 8
43	1036	R PERIMETRAL 4
44	627	R MDV 22
45	105	RUA S 2
46	404	RUA 11 DE JUNHO
47	904	AVENIDA PROF VENERANDO DE FREITAS BORGES
48	1278	RUA L
49	1414	PRACA ITAPUA
50	1310	RUA 52QD. B-10 LT. 07
51	194	AVENIDA NEW YORK
52	380	R JGO 6
53	433	R A 29
54	76	RUA 11
55	892	RUA MADRI 22
56	561	RUA 15 QD B-25 EM FRENTE PARK FLAMBOYANT
57	957	RUA JC 18 A
58	861	RUA T 54
59	1457	RUA 58 C/RUA 54, QD B-7, LTS. 1/2/17/18/19
60	1001	ALAMEDA LARANJEIRAS,DAS
61	1330	RUA 1034 ESQUINA COM 1036
62	626	TRAVESSA INCA
63	604	RUA PRES CAFE FILHO
64	485	RUA PRINCIPAL
65	872	RUA FL 28
66	1362	AVENIDA ALVICTO OZORIO NOGUEIRA
67	479	AV. RIO BRANCO
68	999	RUA PROF JOVELINO CAMPOS
69	1429	LAGUNA
70	701	RUA C 17
71	797	RUA SAO SIMAO
72	1191	RUA RC 16
73	1212	RUA EUCALIPTOS,DOS
74	1079	RUA GLADIOLO
75	845	C52 QUADRA 55 LOTE 09
76	494	R TULIPAS,DAS
77	121	RUA DOMINGOS PRUDENCIO
78	104	RUA T 53
79	386	PQ FLAMBOYANT
80	234	RUA CUATA
81	687	RUA C 175
82	1011	AVENIDA GUARUJA
83	900	RUA C 236
84	565	R B 4
85	1250	RUA PRES LINCOLN
86	193	RUA BOULEVARD AMENDOEIRAS
87	1317	RUA PRATA
88	914	RUA T - 65
89	58	RUA C 56
90	808	AVENIDA DR JOSE HERMANO
91	1175	AVENIDA ANTONIO MARTINS BORGES
92	1353	AV MARIA CAROLINA
93	306	R LAS VELAS
94	1106	RUA T37, QD. 123, LOTES 13/14
95	530	RUA NAVARRA
96	712	RUA C 89
97	898	AVENIDA DEPUTADO JAMEL CECÍLIO
98	474	RUA 37
99	1254	RUA TRISTAO,DO
100	475	AVENIDA SAO LUIZ
101	1068	RUA SANTAREM
102	347	ALAMEDA SIBIPIRUNAS,DAS
103	1185	RUA MATUPÃ ESQUINA COM ALAMEDA JUAZEIRO DO NORTE
104	506	RUA TUXUA
105	1074	RUA MEXICO
106	1411	RUA BADEJO,DO
107	1162	AL LEOPOLDO DE BULHOES
108	578	RUA 401
109	418	RUA T 48
110	1413	RUA DONA ADELAIDE
111	955	RUA BEM TE VI
112	1235	AV. RIO NEGRO QD. 66 LT. 0102
113	1401	RUA U 25
114	803	T 37 QD 148 LT 15
115	138	AVENIDA REPUBLICA DO LIBANO
116	161	AVENIDA ASSIS CHATEAUBRIAND
117	976	CIDADE JARDIM
118	452	AVENIDA PL 4
119	549	AV. PUERTO DEL  SOL
120	1314	RUA C208
121	1393	R BEIRUTE
122	636	R OLIVEIRAS,DAS
123	1163	RUA SAMIR HELOU
124	1015	ALAMEDA RIO VERMELHO
125	735	AVENIDA C 197
126	733	RUA TAINHA,DA
127	937	AV TORONTO
128	1047	RUA ATUM,DO
129	238	RUA M 1
130	1325	RUA CYLENEO DE ARAUJO
131	1293	RUA BROMELIAS,DAS
132	833	RUA MARIO BITAR
133	303	RUA GARIBALDI
134	1257	AVENIDA D PRAÇA DO RATINHO
135	1315	R ABADE 10
136	806	AVENIDA CENTER
137	1472	RUA VM 4 B
138	977	RUA ITAUNA
139	210	RUA 77
140	615	AV. VITÓRIA ESQ. C/ AV. PADRE ORLANDO DE MORAIS
141	499	PÇA T 23
142	708	RUA C 78
143	1397	RUA T- 66
144	631	RUA JURITI
145	1043	RUA ROCAS,DAS
146	841	AV. ALPHAVILLE ARAGUAIA
147	1296	RUA CONDE MATARAZZO
148	10	RUA 230
149	221	R GUADALQUIVIR
150	1232	RUA W 5
151	1127	RUA MEXILHAO,DO
152	678	RUA 1121
153	60	AVENIDA FLAMBOYANTS,DOS
154	112	RUA C 237
155	1430	RUA AMALIA HERMANO
156	881	R RB 7
157	1034	R A 22
158	674	RUA GERALDO RODRIGUES SN
159	916	RUA T-38
160	979	RUA SB 49
161	880	RUA RB 6 A
162	689	RUA T-28
163	812	RUA ACACIAS,DAS
164	1446	RUA F 44
165	607	AVENIDA INTERLIGAÇÃO CH. 26
166	1462	AVENIDA R 9
167	302	R SALVADOR
168	122	RUA MARIA DE LOURDES FERREIRA
169	458	RUA RACHID AUAD
170	304	R C 26
171	876	RUA IBICUI
172	334	RUA JOSE SALUSTIANO
173	874	RUA 89 A
174	692	SETOR MARISTA
175	97	R GRINALDAS,DAS
176	483	AVENIDA COMERCIO,DO
177	1369	RUA J 58
178	124	AV CASTELO BRANCO
179	171	RUA GV 4
180	862	AVENIDA PRES KENNEDY
181	958	RUA 4 B
182	1404	RUA C 247
183	66	RUA C 257
184	831	RUA JULES EVERESTE
185	794	RUA ORQUIDEAS,DAS
186	774	RUA DONA SANTINHA
187	117	RUA 259
188	164	RUA EF 10
189	1241	RUA C 57
190	436	RUA C 146
191	132	AVENIDA INCONFIDENCIA
192	1095	RUA ITAGUARI
193	400	RUA C 117
194	1398	AVENIDA BELO HORIZONTE
195	1159	ALAMEDA CARAIBAS,DAS
196	639	AV. JOÃO LEITE
197	953	RUA BG 1
198	269	R LAGO 27 QD 27 LOTE 09
199	559	VIA ALPHAVILLE
200	41	RUA T 59
201	1201	VIA PRIMEIRA
202	1112	RUA B 6
203	258	RUA 13 A
204	883	R ANGRA DOS REIS
205	1222	RUA DOS LÍRIOS / RUA DAS PAPOULAS QD 95 LT 4 /10
206	612	RUA PARINTINS
207	1221	RUA SAO LOURENCO
208	1117	R ABADE 2
209	951	AVENIDA T-4 QD.169 LTS 1921
210	1408	ALAMEDA CASTRO ALVES
211	1459	RUA MDV 9
212	936	R A 15
213	700	RUA MURICI
214	1211	RUA JASMINS,DOS
215	1189	AVENIDA ANHANGUERA
216	78	RUA C 263
217	960	RUA OITIS,DOS
218	217	AVENIDA RIO NEGRO
219	1306	AVENIDA ALBERTO MIGUEL
220	96	RUA 222
221	1026	ALAMEDA PAINEIRAS,DAS
222	484	RUA 1 A
223	305	R CHAO DE ESTRELA
224	1084	RUA GV 27
225	551	RUA F 22
226	865	AVENIDA ANA MARIA PACHECO
227	959	RUA ANHANGA
228	1231	AV. AFONSO PENA
229	921	RUA DONA VENERANDA GOMES LUSTOSA
230	473	RUA 42
231	1179	RUA T 32
232	918	RUA C-54
233	705	AV NAPOLI
234	1283	RUA T - 30 PRÓXIMO T - 8
235	1316	V. AMERICANO DO BRASIL,
236	1418	RUA INCAS
237	754	RUA TUXAUA
238	1028	R JOAO PESSOA
239	1262	R TARANCON
240	290	AV GERALDO RODRIGUES
241	1454	RUA SERRA DO CAPARAÓ
242	1329	RUA S- 5
243	455	AVENIDA T-4
244	437	AVENIDA PL 2
245	1320	RUA J 81
246	828	R LIRIOS,DOS
247	1290	RUA T 3 A
248	1070	RUA SB 14
249	1200	AV VALENCIA
250	715	AVENIDA NOSSA SENHORA DO ROSARIO
251	215	AVENIDA CAPISTABOS
252	540	RUA SB 50
253	503	AVENIDA IPANEMA
254	407	RUA J 80
255	85	RUA DIAMANTINA
256	684	AVENIDA PEDRO I
257	851	RUA 34 A
258	1233	PQ AMAZÔNIA
259	658	RUA 8
260	1249	RUA J 35
261	616	RUA DR JOAQUIM TAVEIRA
262	605	AV PERIMETRAL NORTE
263	178	AVENIDA AFONSO PENA
264	751	RUA R 18
265	819	VILA ROSA
266	1291	R FLORES,DAS
267	128	RUA MACEIO
268	229	R AGENOR ALVES DE OLIVEIRA
269	1102	R A 21
270	244	AVENIDA PIO CORREIA
271	817	RUA MARIA DE ALMEIDA LIMA
272	460	AVENIDA FLORESTA
273	707	VIELA 1140
274	608	VIA ALPHA 24
275	486	T 27
276	783	RUA L 11
277	1220	RUA VC 51
278	44	AVENIDA LEBLON
279	187	RUA MDV 21
280	821	RUA C-235 C T-71 QD 138
281	947	RUA CM 14
282	747	RUA 72, SETOR CENTRAL, ED. GIOVANA, APARAMENTO 203, GOIÂNIA - GO.
283	991	RUA ANGICO
284	1153	RUA T - 66
285	1050	RUA 9B QD H1 LT 20
286	849	RUA GOLFINHO,DO
287	1056	AV ANGELICAS,DAS
288	12	AVENIDA ARAGUAIA
289	273	RUA 7
290	1277	RUA S 1
291	1295	MADRI 30
292	225	AVENIDA 220
293	395	AVENIDA CIRCULAR QD. 03
294	716	RODOVIA GYN 20
295	907	AVENIDA GOIAS NORTE
296	349	RUA L-11
297	974	SETOR OESTE
298	1466	RUA PRES ERNESTO GEISEL
299	1236	AV. BELA VISTA, QD. 04
300	1471	RUA RB 10 A
301	468	AVENIDA ABEL SOARES DE CASTRO
302	690	RUA NOVA AURORA
303	539	T- 48
304	1061	RUA CAZUZA
305	1051	AVENIDA GUARAPARI
306	365	5
307	731	RUA 2 SN - CONDOMINIO RESERVA SAN MARINO
308	1234	RUA CEL VIRGILIO ROSA
309	932	RUA 116
310	1292	GRANVILLE
311	175	R PRUDENTE DE MORAIS
312	358	RUA 1 DE JANEIRO
313	753	RUA CORDOBA
314	567	RUA C 49
315	196	RUA ALGODAO,DO
316	339	AVENIDA I
317	924	RUA C 74
318	650	RUA JEQUITIBA
319	761	RUA AROEIRAS,DAS
320	621	AL CISNES,DOS
321	798	RUA RAUL MANOEL PEREIRA
322	1355	RUA NC 4
323	331	RUA DONA DARCY
324	649	RUA NC 5
325	1259	R INDAIAS,DOS
326	1372	RUA MARMELINHO
327	1426	RUA S5
328	45	RUA 1025
329	280	AVENIDA C 7
330	110	RUA T 38
331	655	RUA JACANA
332	91	RUA SAVEU,DO
333	942	R C 167
334	975	RUA PAGANINI
335	1468	AVENIDA SANTA BÁRBARA
336	993	RUA GV 28
337	1108	RUA PRESIDENTE DUTRA
338	1261	R SC 42
339	640	R DONA FIRMINA
340	1167	RUA C 210
341	510	RUA DONA VIRGINIA KUBITSCHEK FONSECA
342	5	RUA DIVA FORTES
343	1134	RUA GV 24
344	146	VIA ALPHA 1
345	838	AVENIDA PIRATININGA
346	834	R RIT 3
347	726	AVENIDA BELA VISTA
348	1380	RUA VITORIA REGIA
349	560	RUA S 6
350	593	RUA C-55 QD. 71
351	1111	AV. VEREDA DOS BURITIS
352	749	RUA 101 UNID 101
353	477	RUA ASTERIA,DA
354	359	RUA SENHOR 43
355	986	T- 30
356	200	RUA C 125
357	295	AVENIDA SEXTA AV
358	1301	RUA GRAMADO,DO
359	155	R TOPAZIOS,DOS
360	664	RUA J 59
361	652	RUA VENETO
362	163	RUA CONCORDIA,DA
363	1183	R ACACIAS,DAS
364	1445	RUA TRES MARIAS
365	1359	AVENIDA C 177
366	1449	RUA T - 36
367	954	ALAMEDA MANET
368	1077	RUA MADRI 13
369	1073	R1
370	968	AVENIDA QUITANDINHA
371	70	AVENIDA T 14
372	1268	RUA C 268
373	1265	RUA JUNQUILHOS,DOS
374	1378	AVENIDA 85
375	703	R MDV 42
376	661	RUA 49
377	27	ALAMEDA CORCOVADO
378	1214	R CEDROS,DOS
379	824	RUA SB 1
380	1416	AV.CASTELO BRANCO
381	505	RUA FORTALEZA  ALTO DA GLORIA
382	1069	AV. GUARAPARI
383	1335	RUA 1134
384	434	RUA C 259
385	656	RUA C 264
386	1072	R GREVILLEAS,DAS
387	1405	RUA SC 38
388	1357	RUA RB 51 A
389	1373	R FINLANDIA
390	156	RUA FL 32
391	1366	RUA DOS IPES
392	140	RUA 14
393	206	AV T 5
394	998	R SC 45
395	1354	R MISERICORDIA,DA
396	906	AV.PERIMENTAL COM RUA ESPERANÇA
397	1427	RUA IMIGRANTES,DOS
398	1188	ALAMEDA COUTO MAGALHÃES RUA 1.038 E VIELA.
399	535	R FLORIANOPOLIS
400	1225	RUA GGC 31
401	1367	RUA C 91
402	378	RUA T 55
403	1136	RUA 261
404	212	RUA CANUMA
405	189	RUA C 131 A
406	668	RUA MARIA APARECIDA
407	1474	R FV 20
408	1092	R C ­117 COM 190
409	1347	T-15
410	1209	AVENIDA TOCANTINS
411	490	RUA UBERABA
412	1229	AVENIDA IPES,DOS
413	17	AV.T5
414	368	RUA HERMANO KOMA
415	198	RUA C 72
416	852	RUA ARMOGASTE JOSE DA SILVEIRA
417	519	RUA UIRAPURU
418	795	RUA 20
419	515	R A 19
420	791	R MUSSAENDAS,DAS
421	1007	RUA PAULO VI
422	1223	RUA PENA CHAVES
423	665	RUA C 84 QUADRA 159 LOTE 12
424	1336	RUA JARDINS,DOS
425	1045	RUA VB 20
426	870	RUA RIACHUELO
427	441	AVENIDA RIO BRANCO
428	653	RUA C 133
429	1172	RUA F
430	372	AV. RIO NEGRO
431	98	R T 37
432	470	RUA GV 3
433	1042	AVENIDA JUIZ DE FORA
434	829	RUA F 21
435	931	X
436	1270	RUA J
437	1021	ALAMEDA QUARESMEIRAS,DAS
438	1396	RUA FILATELISTA,DO
439	620	RUA SIRI,DO
440	1224	R MDV 24
441	323	R SALGUEIROS,DOS
442	316	RUA 135, QUADRA 246, LOTES 21/22/23
443	696	RUA T-51
444	454	RUA SB 20
445	830	RUA SOMBREIROS,DOS
446	9	RUA C 131
447	682	ALPHAVILLE  RESIDENCIAL GOIÁS
448	566	RUA RB 6
449	624	RUA 85
450	1475	A
451	1142	AVENIDA CRISTO REI
452	324	RUA JOAO DE ABREU
453	424	RUA RODOVIA 6
454	1334	RUA 55 QD. B-14 JD. GOIÁS
455	1410	R DIAMANTINA
456	1132	RUA 1001
457	360	RUA B SEIS A.
458	319	RUA T 49
459	531	R PRIMAVERAS,DAS
460	1371	R B 29
461	569	AVENIDA T 12
462	1000	AVENIDA RI 31
463	1267	RUA 128 A
464	165	RUA T 65
465	119	AVENIDA ENG CORREIA LIMA
466	1165	RUA GAL OSORIO
467	580	R. UM MIL E SESSENTA E CINCO
468	415	AVENIDA RAVENA
469	927	RUA SC 3
470	1451	RUA R 10
471	1351	AVENIDA T-65
472	1205	T-51
473	1441	ALAMEDA ACACIAS,DAS
474	467	RUA ASPILIA
475	1252	AVENIDA ESMERALDA
476	262	RUA 1029
477	202	R MDV 18
478	643	RUA 1141
479	766	RUA SB 44
480	449	RUA C 156
481	211	RUA 23 A
482	1227	RUA C 115 A
483	748	J 7
484	855	RUA GETULIO VARGAS
485	557	AVENIDA JOSE LEANDRO DA CRUZ
486	978	RUA CAMPOS BELOS
487	1197	AV. 85
488	1406	RUA SB 6
489	1006	RUA T 29 1403
490	688	AVENIDA T-3
491	93	AVENIDA ENG FUAD RASSI
492	162	VIA ANITA GARIBALDI DE BRITO
493	204	RUA 30
494	1022	ESTRADA SAO DE GERALDO
495	888	RUA T-27 QUADRA 24 LOTE 8 9 10 E 11
496	617	RUA 1034
497	30	T 37
498	275	RUA JUSCELINO DA FONSECA RIBEIRO
499	585	RUA 21 DE ABRIL
500	1038	RUA 38
501	730	RUA C 250
502	1237	RUA PERCA,DA
503	792	RUA F 20
504	826	R JOSE PEREIRA BORGES
505	923	RUA 228
506	729	AVENIDA REZENDE
507	589	RUA C 254
508	457	AL BOLIVIA
509	920	RUA C 181
510	469	RUA C 161
511	151	RUA T-23
512	1465	R OM 41
513	801	LEBLON
514	173	RUA 13
515	389	RUA IGAPO
516	7	AVENIDA 136
517	1287	R H 6
518	963	RUA QUIRINOPOLIS
519	858	RUA C 134
520	56	AVENIDA CAIAPO
521	218	AV. RAVENA COM AV. TURIM QUADRA 13 RESIDENCIAL ELDORADO GOIÂNIA-GO
522	307	RUA SAO BARTOLOMEU
523	1228	RUA 2051 UNID 205
524	1066	RUA MACEIÓ
525	719	RUA T 38 APTO. 1201
526	711	AVENIDA FELIPE CAMARAO
527	1307	RUA C 220
528	256	R RN 4
529	277	AVENIDA T 2
530	500	PRACA MAES,DAS
531	1110	RUA T-5 QD. 125 LTS. 04 E 05 SETOR BUENO GOIÂNIA-GO
532	72	AVENIDA T 13
533	736	AVENIDA SOROCABA
534	997	RUA J 72
535	523	AVENIDA C 104
536	866	AVENIDA J
537	1349	AVENIDA DOS ALPES
538	1124	COPACABANA
539	160	AVENIDA MILAO
540	972	ALAMEDA VENEZA
541	125	AVENIDA T 9
542	1266	RUA PRES EPITACIO PESSOA
543	966	RUA J 34
544	1363	RUA RPS 2
545	606	AVENIDA GENESIO DE LIMA BRITO
546	1152	RUA 29 A
547	671	RUA PROFA MARIA DO S DE MATOS LIMA
548	301	RUA CV 24
549	756	RUA CORONEL SERAFIM AGAPITO QD. 09 LT. 03 E 04 VILA MARIA JOSÉ GOIÂNIA - GOIÁS
550	501	RUA 17
551	734	R G
552	430	RUA RI 17
553	248	AV. SUCURI C AL. MARCANÃ QD 20 LTS 234
554	291	RUA PALMEIRAS,DAS
555	363	RUA ALBERTO RASSI
556	704	RUA VI 14
557	780	RUA DR LAUREANO
558	956	AV 1
559	785	RUA DESEMBARGADOR AIROSA ALVES DE CASTRO
560	3	RUA CHARITA,DA
561	495	AVENIDA LAURICIO PEDRO RASMUSSEM
562	520	RUA PENIDO BURNIER
563	1113	RUA A 29
564	1064	RUA 115 G
565	1385	RUA DAS CAMELIAS QD 16
566	1395	RUA X 40
567	1206	RUA F 2
568	1032	AVENIDA CASCAVEL
569	438	RUA 240
570	1176	R BURITIS,DOS
571	891	RUA 42 QD. 102 LT 25
572	1433	RUA FL 20
573	239	RUA C 249
574	521	RUA 134
575	54	PRACA DR PEDRO LUDOVICO TEIXEIRA
576	572	RUA C 86
577	1218	AV VEREDA DOS BURITIS
578	1260	RUA C 84
579	950	RUA SENHOR 18
580	1255	RUA CRISTOVAO COLOMBO
581	216	AVENIDA PL 3
582	1100	RUA CP 27
583	170	FORTEVILLE
584	1332	AVENIDA GABRIEL HENRIQUE DE ARAUJO
585	158	RUA J 52
586	673	R JOSE MONTEIRO DA COSTA
587	644	AVENIDA FRANCISCO DE MELO
588	1137	PRACA UNIVERSITARIA
589	2	RUA T 64
590	1075	RUA 135 QD. 246 LTS. 181920 SETOR MARISTA GOIÂNIA-GO
591	528	RUA A 20
592	594	R IJUI
593	878	AVENIDA C 11
594	1423	RUA JO 43 QD 75 LOTE 09
595	1130	AVENIDA RADIAL
596	1147	PRACA C 11
597	765	AV IPES,DOS
598	740	RUA MADRI 16
599	309	RUA TURIACU
600	1105	RUA 202
601	945	RUA DO LAGO 27
602	1213	AVENIDA T- 36
603	599	AVENIDA DOMICIANO PEIXOTO
604	952	AV.T-14
605	123	RUA 1145
606	897	RUA RPS 9
607	981	RUA V 8
608	938	AVENIDA K
609	1088	RUA L11
610	922	AVENIDA SAO CARLOS
611	1422	R ARRAIAL DO CABO
612	1342	R PADRE ORMINDO VIVEIRO DE CASTRO
613	364	RUA 2
614	940	RUA SB 19
615	1370	RUA ABARA
616	340	AVENIDA C 107
617	300	R PARNAIBA
618	166	RUA 16
619	1166	RUA T-65 COM A RUA T-5
620	81	AVENIDA 24 DE OUTUBRO
621	1033	RUA SANTA ROSA
622	1053	ALAMEDA MOGNO,DO
623	513	ALAMEDA PERIMETRAL
624	1017	RUA J 62
625	1094	RUA MARIA ALICE
626	744	R MDV 1
627	524	AV JOSE LEANDRO DA CRUZ
628	680	RUA PRES VARGAS
629	905	RUA CAMELIAS,DAS
630	633	RUA MADRI 6
631	34	AVENIDA T 4
632	660	RUA NOVA AMERICA
633	1062	RUA NC 3
634	946	AVENIDA BERLIM
635	109	AVENIDA CASTELO BRANCO
636	445	294, R. PLH-4, 236
637	312	RUA 254
638	1149	RUA DO SIRI QD 93 LT. 14 A 19
639	419	RUA GV 30
640	159	RUA MP 4
641	675	R SRM 26
642	322	RUA LN 2
643	642	RUA ITAOCA
644	1273	ALAMEDA DAS ROSAS
645	64	AV ANTONIO CRISPIM
646	1437	RUA 137
647	913	RUA C 158 QD. 373 LT. 21
648	463	RUA FLORENCA
649	292	ALAMEDA DR SEBASTIAO FLEURY
650	259	RUA S 5
651	912	RUA F 58, QD.153, LT.18, CS 2
652	1116	RUA DOS CARVALHOS Q 2 LT 19
653	188	RUA 410
654	685	RUA A 27 QD. 19 LT. 08
655	264	RUA J 13
656	889	RUA C 136
657	577	RUA T-0038
658	1324	RUA T - 27
659	793	PRÓXIMO DO HORTO
660	383	ALAMEDA ASSIS CHATEAUBRIAND
661	1425	AVENIDA C 5
662	176	RUA S 4
663	541	ALAMEDA ALCIDES DE ARAUJO ROMAO
664	232	RUA C 228
665	1151	RUA: SC 33
666	185	AVENIDA MAMBAI
667	1327	RUA T-53 C T-33 QD. 93 LTS. 08 09 E 10
668	686	R 54, QD B 6, LT 12, CEP: 74.810-220, GOIANIA,
669	816	RUA JAO
670	877	RUA P 16
671	827	AV DOM PEDRO II
672	480	CONDOMINIO DO LAGO
673	417	RUA VIRGILIO JOAQUIM FERREIRA
674	351	AVENIDA MADRID
675	444	RUA 115
676	1115	R MARIA ERMILIA DE ARAUJO
677	141	RUA 1024
678	863	RUA CP 6
679	197	ALAMEDA AMERICANO DO BRASIL
680	191	R JACARANDAS,DOS
681	790	RUA 102 C
682	1452	AV. FRANCISCO MELO
683	1198	RUA GB 2 A
684	266	RUA C 235 A
685	1067	RUA BM 1
686	51	AVENIDA DEPUTADO JAMEL CECILIO
687	413	R NATAL
688	448	PRACA GODOFREDO LEOPOLDINO DE AZEVEDO
689	1326	R GERANIOS,DOS
690	177	RUA VV 5
691	1308	R T 30
692	630	RODOVIA GO 70
693	1157	RUA PRES HERMES DA FONSECA
694	1428	RUA EL GRECO
695	1098	R A 31
696	1046	RUA NOVA
697	145	R T 36
698	326	ALAMEDA CARVALHOS,DOS
699	1239	RUA R 8
700	1389	RUA NOVO PLANALTO
701	807	RUA 115 D
702	776	RUA JOSE HERMANO
703	1337	RODOVIA GO 80
704	227	RUA 13 RUA 72 E AV. H. QUADRA C8 LOTES 17A-23A
705	582	RUA SEVILHA
706	344	PRACA CEL INACIO ELIAS BUFAICAL
707	868	RUA 1037
708	714	RUA BOUGANVILIA
709	1029	RUA LACI
710	1311	RUA SB 13
711	1321	SETOR BUENO
712	6	ALAMEDA COUTO MAGALHAES
713	1361	R ASTURIAS
714	287	RUA SB 28
715	727	RUA MADRI 18
716	126	RUA ITAIRA
717	293	RUA PIZA
718	405	RUA CAOBA
719	970	RUA 56 QUADRA B 08
720	1453	AV C
721	1004	RUA R 15
722	1057	AVENIDA CONTORNO
723	222	RUA T 60
724	595	R SAO LUIS
725	543	R MDV 9
726	399	R JERIVAS,DOS
727	345	RUA 5
728	1247	RUA SERRA DO FOGO
729	971	RUA PEROBA
730	1420	AVENIDA RUI BARBOSA
731	1447	AVENIDA SÃO LUIZ QUADRA 125 PARQUE AMAZONIA
732	762	RUA T 28
733	875	RUA PRESIDENTE HERMES DA FONSECA
734	570	RUA C 53
735	249	RUA C 123
736	1461	RUA CV 20
737	1118	AVENIDA ARAUCARIA
738	1365	RUA HOLANDA
739	411	RUA 1123
740	442	ALAMEDA BUGANVILIAS,DAS
741	1097	RUA 18 UNID 201
742	1107	RUA 84
743	1114	AVENIDA T05, QD.144, LT.8
744	270	RUA 14 A
745	1456	RUA C 200
746	1207	R DRACENAS,DAS
747	742	RUA NITERÓI
748	242	R GLORIA,DA
749	568	R TERESINA
750	1253	EMILIE RASSI Q 12 L14
751	694	RUA 10
752	693	RUA SEBASTIAO JULIO DE AGUIAR
753	1256	AVENIDA PADRE ORLANDO DE MORAIS
754	873	RUA NITERÓI COM AVENIDA PADRE ORLANDO E RUA EXP. JOSÉ GOIANO QD.148 LT.0103- 2325
755	376	AVENIDA BOULEVARD CONDE DOS ARCOS
756	1379	RUA C 184
757	223	RUA 56 A
758	199	RUA J 3
759	767	RUA PRES CLEVELAND
760	489	AVENIDA ORLANDO MARQUES DE ABREU
761	377	RUA SOIA,DA
762	416	RUA VM A
763	638	R ALM TAMANDARE
764	478	RUA 227
765	1170	RUA SC 43
766	1269	AVENIDA T 6
767	562	RUA SALMAO,DO
768	949	RUA HENRIQUE PERIM
769	40	AVENIDA JOSE RODRIGUES DE MORAIS NETO
770	497	RUA 220
771	504	RUA F 58
772	384	APHAVILLE CRUZEIRO DO SUL
773	581	AVENIDA GOIAS
774	297	RUA GENTIL PINTO
775	514	RUA CONDE 1
776	246	RUA VV 8
777	1131	RUA K QUADRA D-11 LOTES 74-76-78  80-82 SETOR OESTE GOIÂNIA - GO
778	721	RUA 88
779	1350	AVENIDA 15 DE OUTUBRO
780	1344	AVENIDA SEGUNDA AV
781	71	AVENIDA CIRCULAR
782	669	RUA 36
783	390	R IVAI
784	397	RUA T37 QD. 166 LOTE 1 A 14
785	21	AV RAVENA
786	842	AL BEGONIAS,DAS
787	195	R EUGENIAS,DAS
788	575	RUA NITEROI
789	243	RUA ROSALIAS,DAS
790	1424	RUA GAMELEIRA
791	46	RUA T 33
792	698	AVENIDA PERIMETRAL
793	632	AV ALPHAVILLE FLAMBOYANT
794	818	R IRMA ANTONIETA ESMERALDA CABRAL
795	50	RUA T 30
796	934	ALAMEDA J 22
797	1016	AV: PERIMENTAL NORTE C/ RUA ESPERANÇA,
798	1360	RUA SB 7
799	1368	RUA 103 B
800	472	ALAMEDA HIGINO PIRES MARTINS
801	787	RUA ACAPU
802	283	RUA T 37
803	1037	RUA TAMBUQUI
804	1177	RUA HORTENSIAS,DAS
805	648	RUA SAO PAULO
806	534	ALAMEDA RICARDO PARANHOS
807	1140	18 A
808	622	PRACA T 25
809	1030	AVENIDA JOSE MARTINS GUERRA
810	768	RUA RB 27 A
811	127	RUA 1
812	713	RUA 13 C/ RUA 15 E AV. H, QD. C8, LOTES 5–9/31-34, JARDIM GOIÁS, GOIÂNIA - GO
813	1343	R B 9
814	1409	VERNIZ,DO
815	63	RUA BEIJUACU
816	1146	RUA C 24
817	1469	RUA CLAUDIOLO
818	23	RUA 32
819	822	R JAV 6
820	545	RUA 61
821	320	AV TRIESTE
822	62	RUA RUY BRASIL CAVALCANTE
823	335	RUA F 57
824	1049	RUA ILINOIS
825	1440	RUA T-13 COM T-37
826	1271	AV. MARECHAL RONDON
827	402	RUA C 227
828	1125	RUA GB 9
829	403	AVENIDA FEIRA DE SANTANA
830	641	RUA CEDROS,DOS
831	154	RUA C 116
832	1190	R RB 1
833	584	RUA ROOSEVELT
834	903	RUA 102
835	1412	RUA BARBARA MARQUES CHAVEIRO
836	846	AVENIDA SAO JOAO
837	1193	RUA GB 42
838	533	RUA R 2
839	659	AVENIDA JAIME CAMARA
840	427	RUA 36 QD G-6
841	910	RUA FL 44
842	49	R MDV 6
843	228	NO INFORMADO
844	260	RUA 24
845	482	RUA F 48
846	107	AVENIDA D
847	1407	AV MARGINAL LESTE
848	1323	RUA FL 14
849	235	AVENIDA E
850	281	RUA ARYMAR COELHO
851	745	AVENIDA T -38
852	1133	AV MAL RONDON
853	571	R VITORIAS DAS REGIAS
854	741	RUA IBICUÍ
855	1376	T 65
856	431	RUA 29
857	337	RUA 1026
858	879	RUA BM 25
859	113	RUA HUMAITA
860	895	RUA ITAPOA,DE
861	83	RUA 9 A
862	1121	AVENIDA CATLEIA
863	777	RUA FRANCISCO GODINHO
864	1178	RUA 145 E RUA 144, QUADRA 63, LOTE 13-20/23
865	1356	RUA CAMORIM,DO
866	1138	AVENIDA BENEDITO GONCALVES DE ARAUJO
867	257	R FIGUEIRAS,DAS
868	1439	RUA EGERINEU TEIXEIRA
869	231	RUA VERNIZ,DO
870	610	RUA R 13
871	1180	R ARMINDA MARIA DE LIMA
872	396	R ABADE 8
873	169	AVENIDA T 3
874	220	RUA 132 A
875	1143	RUA GUARIROBA
876	813	RUA JOSE NEDDERMEYER
877	268	RUA T 65 A
878	325	RUA CEL SERAFIM AGAPITO
879	42	RUA TIPITI
880	775	R DIVINA DE FATIMA DOS SANTOS
881	969	RUA RB 31 A
882	1168	VIA SANTA LUZIA
883	53	RUA C 195
884	683	R TORDESILHAS
885	1421	RUA ANACA
886	143	R A 30
887	635	R ANTONIO LUIZ DE PINA
888	86	R FORTALEZA
889	720	T-37
890	864	R CAIAPOS
891	681	RUA CEL ERNESTO GARCIA
892	440	R CONCORDIA
893	983	RUA SV 4
894	52	RUA APORE
895	706	RUA C 38
896	31	RUA 18 A
897	118	AVENIDA FUED JOSE SEBBA
898	313	RUA 15
899	75	RUA T 34
900	825	RUA R 5
901	1458	RUA DAS COPAÍBAS  QD 26 LT 17
902	796	RUA 21
903	332	RUA PECUARIA
904	563	RUA 1041
905	925	AVENIDA PUERTA DEL SOL
906	1012	RUA CRAOS
907	48	RUA T 50
908	1173	RUA A 13
909	414	ALAMEDA PAMPULHA
910	233	AV DIOGENES DOLIVAL SAMPAIO
911	989	RUA GP 6
912	251	RUA 9 DE JULHO
913	893	RUA D 10
914	592	JARDINS ATENAS
915	11	RUA RAIA,DA
916	1399	R AVENCAS,DAS
917	556	PRACA T 19
918	764	R MAMORE
919	84	AVENIDA PERIMETRAL NORTE
920	710	RUA C 190
921	896	RUA C 51
922	1085	R F 4
923	788	RUA DONA STELA VILLE ARAGUAIA
924	317	RUA F 49
925	1304	AVENIDA AMERICANO DO BRASIL
926	1251	RUA CORONA
927	1297	RUA SAVEIRO,DO
928	1002	RUA 14 B
929	224	RUA CEL DIOLINDO DOS SANTOS FREIRE
930	1204	RUA 242 A
931	964	VE C 48 A,DA
932	1242	RUA F 40
933	538	AVENIDA FRANCISCO SALES
934	1186	R MDV 11
935	1383	RUA C 42
936	1035	RUA C 159
937	1448	RUA FICUS,DOS
938	461	RUA 66
939	670	RUA PADRE FEIJO
940	209	RUA J 17
941	1158	AV MILÃO
942	406	AVENIDA PADRE ORLANDO MORAIS
943	573	RUA FL 8
944	1060	R MARIA GABRIELA DE JESUS
945	1390	R MANAUS
946	57	R MDV 21
947	1194	RUA T-27
948	600	RUA NICOLAU COPERNICO
949	1419	RUA T-13 ESQ. C/ T-37, QD. 161, LTS. 12 À 15
950	1160	RUA IRLANDA
951	980	R LAGO 11
952	800	AVENIDA ARMANDO DE GODOY
953	496	RUA JARDINS MILAO
954	992	RUA MADRI 39
955	804	RUA T 30 QUADRA76 LOTE 5
956	843	R A 7
957	181	R RDR 1
958	601	ALAMEDA AMENDOEIRAS,DAS
959	886	RUA ORESTES RIBEIRO
960	623	RUA 1020
961	994	T 29
962	752	ALAMEDA BOTAFOGO,DO
963	426	RUA L 8
964	1388	AVENIDA T-36
965	743	AV. CASTELO BRANCO
966	1275	AVENIDA IRAI
967	1150	R AC 2
968	203	RUA C 258
969	453	RUA 1138
970	102	AVENIDA SÃO JOÃO  ALTO DA GLÓRIA, GOIÂNIA - GO
971	502	R AMETISTA
972	1161	RUA DONA STELA
973	1384	VIA VICENTE J DA COSTA
974	1318	R RECANTO DOS BURITIS
975	341	RUA 404
976	1348	RUA PARINTINS COM TAGUARI
977	421	RUA C 142
978	902	RUA C 54
979	1442	R ABADE 6
980	1093	RUA 1035
981	1059	RUA 2052 UNID 205
982	1338	AV. T-13
983	1076	RUA 12 COM RUA 17
984	481	RUA T50 ESQUINA COM T30
985	1024	RUA GB 19
986	789	RUA JARI
987	532	RUA SB 17
988	1264	R 1118
989	1403	RUA SRM 9 QD. 18 LT. 28
990	1141	RUA OZORIO OLIVEIRA
991	236	RUA MONACO
992	420	ALAMEDA CONTORNO SUL
993	286	RUA TAMOIOS
994	208	RUA GUAJA,DO
995	1473	R EMILIE RASSI Q 12 L 14
996	911	R JATOBAS,DOS
997	1196	RUA MADRI 26
998	375	R H 14
999	1182	RUA 408 QD. A, LOTE 8/16
1000	590	RUA 12 UNID 101
1001	1122	RUA C 139
1002	718	AVENIDA ALEXANDRE DE MORAIS
1003	491	RUA BALSAMOS,DOS
1004	1288	R SRM 25
1005	725	RUA SUECIA
1006	691	RUA C 143
1007	1415	RUA T 48 QD 50
1008	882	AVENIDA SÃO JOÃO
1009	860	RUA VB 7
1010	100	RUA SB 30
1011	144	AVENIDA SERGIPE
1012	354	RUA 609
1013	899	R RT 5
1014	356	RUA T 8
1015	1202	RUA C 153
1016	315	AVENIDA SAO FRANCISCO
1017	130	RUA 12
1018	1432	RUA RUI BARBOSA
1019	80	ALAMEDA A
1020	869	RUA CAVALO DO MARINHO
1021	184	RUA 34
1022	1135	RUA EF 8
1023	1358	AV XERENTES
1024	717	T 13
1025	299	RUA 27
1026	962	RUA DR CONSTANCIO GOMES
1027	168	RUA FLEMINGTON
1028	13	RUA 257
1029	782	RUA T- 49
1030	263	RUA T 71
1031	1054	RUA GV 1
1032	352	RUA RPS 3
1033	1018	AVENIDA GOIAS COUTO
1034	518	RUA DUQUE DE CAXIAS
1035	1322	RUA T - 28, SETOR BUENO
1036	439	RUA: 408
1037	240	AV AMERICANO DO BRASIL
1038	547	RUA FP 5
1039	996	RUA SB 10
1040	759	RUA 11 A
1041	493	PC TRIANGULO,DO
1042	435	AVENIDA EDMUNDO PINHEIRO DE ABREU
1043	853	RUA SC 2
1044	1089	1
1045	1139	RUAS DOS IPÈS Q 13 LOT 16  JARDIN VALENCIA
1046	1145	RUA SB 2
1047	392	R PARAISO
1048	1199	R NITEROI
1049	310	RUA 1124
1050	645	RUA ICARAI,DE
1051	941	R JORDELIRIO MOREIRA ALVES
1052	279	VIA ALPHA 26
1053	1443	R CAMARAS,DOS
1054	837	RUA IMBAUBA
1055	1008	ESTRADA ROSAS,DAS
1056	329	RUA 1067
1057	106	AVENIDA C 148
1058	856	JARDINS VALÊNCIA
1059	36	ENDEREÇO NÃO INFORMADO
1060	272	AV B
1061	1154	R FV 32
1062	1333	RUA CARINA
1063	1005	RUA MARIO BITTAR
1064	943	RUA ANCHOVA,DA
1065	773	RUA PRES JEFFERSON
1066	61	RUA 135
1067	1078	RUA 31
1068	255	RUA C 155
1069	1148	RUA PARA
1070	114	RUA 22
1071	92	RUA T 29
1072	398	ALAMEDA CASCAVEL
1073	382	RUA 52
1074	1339	ALAMEDA FLORENCA
1075	755	RUA GOIATUBA
1076	1187	RUA JOÃO DE ABREU ESQ.COM 15
1077	811	RUA PLH 4
1078	330	AVENIDA T 7
1079	1444	AVENIDA AUTA FERRAZ DE CAMARGO
1080	634	RUA DOS LÍRIOS QD. 06 LT. 17
1081	446	RUA JACARANDA
1082	973	R BOA VISTA
1083	1144	RUA GV 18
1084	746	R TIBAGI
1085	732	RUA ALIPIO MENDES
1086	22	RUA 56
1087	618	AVENIDA R 11
1088	137	AVENIDA C 4
1089	654	RUA ITALO ROBERTO
1090	728	RUA J 69
1091	1431	RUA LLL
1092	823	RUA J 2
1093	1109	RUA MACEIO NUMERO
1094	1181	R MOROS,DOS
1095	1381	RUA MADAME CURIE
1096	428	AVENIDA ALPES,DOS
1097	1470	RUA F 63
1098	133	RUA JARINA
1099	1081	RUA 23
1100	1023	T 50
1101	724	ALAMEDA PRES JEFFERSON
1102	1063	AVENIDA 136 ESQ. RUA 136A
1103	55	RUA 9
1104	850	RUA RICARDO PARANHOS
1105	1099	RUA 12 A
1106	1243	RUA SÃO LUIS
1107	832	RUA LAGO-20
1108	284	RUA C 128
1109	1382	RUA MONTE CASSINO
1110	909	AVENIDA C 255
1111	429	RUA GAMELEIRAS,DAS
1112	1387	PRACA T 21
1113	929	R MDV 7
1114	815	RUA RI 28
1115	1203	RUA CP 19
1116	772	RUA F 39
1117	111	AV CIRCULAR
1118	308	RUA C 145
1119	1025	RUA 224
1120	769	RUA RB 28 A
1121	537	AVENIDA PORTUGAL
1122	1460	RUA J 5
1123	1048	RODOVIA GO 20
1124	695	RUA 58 COM 54
1125	1031	AVENIDA CRISTAL
1126	1391	RUA SANTO AMARO
1127	136	ESTRADA SAO DE COSME
1128	1272	MAISON AUTENTIQUE
1129	298	RUA 1131
1130	1101	RUA C 48
1131	28	RUA 20 A
1132	361	AVENIDA PEDRO LUDOVICO TEIXEIRA
1133	487	RUA GERANEOS,DOS
1134	1104	PIRATININGA
1135	854	TRAVESSA GERANIO
1136	1286	RUA R 3
1137	1289	RUA GERANIOS,DOS
1138	410	RUA VN09
1139	1009	RUA DESEM AIROSA ALVES CASTRO
1140	385	PRACA LEO LYNCE
1141	662	RUA ESPONJA,DA
1142	770	RUA ITAJA
1143	820	RUA MADRI 29
1144	142	AVENIDA SB A
1145	174	RUA T 44
1146	226	RUA DR AUGUSTO JUNGMANN
1147	265	AVENIDA PEDRO PAULO DE SOUZA
1148	1299	AVENIDA MONLEVADE
1149	885	ALAMEDA CORREGO BURITI
1150	152	RUA T 52 A
1151	101	RUA MARAJO
1152	1210	RUA 1112
1153	271	RUA ACAI
1154	207	R MDV 17
1155	447	AV. ANHANGUERA ESQUINA COM A RUA 7
1156	274	RUA 3
1157	369	AV ENG EURICO VIANA
1158	1463	RUA C 252
1159	1352	R ARQUIMEDES ROCHA
1160	548	RUA 74
1161	611	AVENIDA C 10
1162	115	RUA R 17
1163	476	ALAMEDA ADILIO FERREIRA
1164	237	RUA T 66
1165	554	RUA C197
1166	757	RUA SOL DO POENTE
1167	738	AVENIDA DOM PEDRO II
1168	646	RUA MANAUS
1169	180	RUA C 154
1170	555	RUA JOSE DO PATROCINIO
1171	371	RUA HELICONIAS,DAS
1172	887	AV C-11
1173	65	RUA A 2
1174	82	RUA 402
1175	722	R11
1176	517	RUA 59
1177	488	RUA PEGASUS
1178	1300	RUA MANDIOQUEIRAS,DAS
1179	1192	RUA C 146 A
1180	847	R 1.123
1181	1436	RUA MADRI 10
1182	201	RUA SAO JOSE
1183	884	AVENIDA T4
1184	553	RUA CACAUI
1185	1258	AVENIDA T 8
1186	157	RUA T
1187	33	AVENIDA COPACABANA
1188	609	RUA JAVEU
1189	1087	R A 18
1190	1230	AVENIDA ENGENHEIRO CORREIA LIMA
1191	1	RUA 54
1192	1279	RUA PAINEIRAS,DAS
1193	35	R AZALEIAS,DAS
1194	321	RUA C 68
1195	186	T-60
1196	357	RUA SB 27
1197	1375	AVENIDA PADRE FEIJO
1198	844	AVENIDA T-0005
1199	350	RUA BELO HORIZONTE
1200	987	AVENIDA C 233
1201	153	AVENIDA H
1202	1096	RUA FL 46
1203	933	RUA C 160
1204	603	RUA SANTA CRUZ
1205	362	RUA 73
1206	1281	RUA FV 14
1207	839	RUA C 23
1208	574	RUA C 162
1209	89	ALAMEDA PARANA
1210	26	RUA MAL FLORIANO
1211	1394	RUA ARARAPES
1212	443	RUA AMIANTO,DO
1213	1027	AV MOINHO DOS VENTOS
1214	37	ALAMEDA ROSAS,DAS
1215	809	AV C 233
1216	1041	AVENIDA SEN PERICLES
1217	388	RUA 144
1218	366	RUA MONTES CLAROS
1219	779	RUA 1030
1220	422	AVENIDA PLATINA
1221	20	AVENIDA LAGUNA
1222	781	R RB 15
1223	982	RUA C 212
1224	1003	RUA DR RONAM RODRIGUES DA SILVA
1225	990	RUA SB 22
1226	367	R T 38
1227	511	RUA COM NEGRAO DE LIMA
1228	758	AVENIDA T 10
1229	867	RUA B 5
1230	498	R VIOLETAS
1231	342	RUA 9 B
1232	805	R CONGONHAS
1233	1328	RUA 6 A
1234	74	R MDV 28
1235	1065	RUA DR SEBASTIAO FLEURY
1236	522	R MMM 6
1237	667	AV RIO BRANCO
1238	250	R PAINEIRAS,DAS
1239	412	RUA JANUS
1240	1119	RUA RI 4
1241	1246	RUA J 65
1242	1071	RUA 86
1243	948	R ALPINEAS,DAS
1244	1282	RUA 25 DE DEZEMBRO
1245	374	RUA SANTA MARIA
1246	799	R SERRA NEGRA
1247	213	RUA 242
1248	47	RUA MARSELHA
1249	1248	RUA MP 5
1250	939	R MARGARIDAS,DAS
1251	103	RUA 4
1252	425	R MDV 23
1253	67	PRACA T 23
1254	464	RUA SENHOR 3
1255	737	T 4
1256	4	AVENIDA T 15
1257	1226	AV. CORONEL ERNESTO GARCIA
1258	465	RUA 208
1259	676	RUA SB 3
1260	871	RUA ANGICOS,DOS
1261	1129	RUA DA CONCORDIA
1262	450	AV MARGINAL BARRETO
1263	564	RUA PROF CONSTANCIO GOMES
1264	1040	RUA 28 A
1265	1171	RUA FL 39
1266	988	RUA FL 43
1267	629	AV. DIÓGENES DOLIVAL SAMPAIO SN - JARDINS VALÊNCIA  - GOIÂNIAGO
1268	179	AVENIDA NAPOLI
1269	596	RUA REPUBLICA,DA
1270	1305	R A 9
1271	836	RUA MELCHIADES JOSE DA SILVA
1272	1340	RUA SAO JOAO
1273	69	RUA ABILIO ALVES DE CASTRO
1274	1402	R SERVICOS,DE
1275	245	AVENIDA VITAL BRASIL
1276	586	RUA C 19
1277	1280	RUA F 18
1278	576	RUA PH 7
1279	1298	RUA C 130 A
1280	150	RUA MONJOLA
1281	139	RUA 408
1282	311	AVENIDA R 1
1283	614	RUA BOTO,DO
1284	1195	ALAMEDA DO BOSQUE
1285	679	RUA ALAOR MENDONCA
1286	666	RUA: 11-A
1287	1123	R PRIMULAS,DAS
1288	810	RUA FORTALEZA
1289	1438	RUA 226
1290	628	RUA POCEMA
1291	108	RUA 18
1292	1080	RUA UMIRI
1293	1120	RUA 274
1294	77	RUA BARAO DO RIO BRANCO
1295	526	RUA DESEM ELADIO AMORIM
1296	723	RUA T34, QD.104, LOTES 13/15
1297	451	RUA JC 38
1298	466	R COPAIBAS,DAS
1299	835	RUA R 12
1300	919	R HORTENSIAS,DAS
1301	1083	RUA V 5
1302	1090	RUA RI 2
1303	672	RUA J 7
1304	598	AVENIDA BRASIL
1305	0	RUA 46
1306	702	RUA SB 26
1307	1435	RUA RI 15
1308	802	RUA 1142
1309	1386	RUA 120 A
1310	1309	RUA C 61
1311	409	RUA C 28
1312	961	AVENIDA ANTONIO PERILO
1313	1244	ALAMEDA AFONSO PENA
1314	591	RUA 239
1315	355	RUA C131
1316	288	R BARONEZAS,DAS
1317	786	AVENIDA JOAO LEITE
1318	131	RUA C 69
1319	771	RUA AMELIA ARTIAGA JARDIM
1320	1302	RUA 59 A
1321	230	RUA SB 5
1322	87	RUA T 27
1323	926	AV. T-14
1324	1126	RUA MADRI 36
1325	462	R JI 1
1326	699	RUA 16 A
1327	190	RUA 53
1328	1434	RUA SB 25
1329	894	AVENIDA MARIA BERNADETE
1330	587	RUA T-37
1331	129	RUA T 51
1332	1164	RUA FN 19
1333	1450	AVENIDA VITORIA
1334	1276	RUA CALDAS NOVAS
1335	552	RUA 802
1336	391	RUA SB 16
1337	1263	PRIVE ATLANTICO
1338	1294	R ABRAO MANOEL DA COSTA
1339	1467	SB 2
1340	1392	RUA GV 4 A
1341	276	RUA 70
1342	182	R IPES,DOS
1343	90	RUA 227 A
1344	663	AVENIDA OTAVIO LUCIO
1345	432	RUA CAAPI
1346	14	RUA 88 C
1347	370	RUA JI 1
1348	814	R DONA GERCINA BORGES TEIXEIRA
1349	1010	ALAMEDA DOM PEDRO I
1350	1013	RUA MADRI 30
1351	456	RUA C- 259
1352	135	RUA
1353	928	RUA 47
1354	1312	RUA 16 QD 48 LTS 25-27
1355	252	AV. OLINDA
1356	935	RUA DAS TULIPAS
1357	544	RUA TRINDADE
1358	1219	AVENIDA DOMINGOS LEMOS DO PRADO
1359	901	RUA 25 A
1360	15	RUA RI 10
1361	261	RUA 72
1362	401	RUA 31 A
1363	619	AVENIDA ARAXA
1364	192	RUA J 74
1365	59	AVENIDA TRIESTE
1366	336	RUA DOM ORIONE
1367	88	RUA: FRANCISCO GODINHO
1368	32	RUA 55
1369	1216	RUA 111
1370	1331	RUA: 401
1371	613	R T 15
1372	525	R SEVILHA
1373	890	RUA C-80, QD.176, LT.02, SETOR SUDOESTE
1374	387	RUA C 235
1375	373	C 181
1376	848	AVENIDA ISMERINO SOARES DE CARVALHO
1377	1082	AV AFONSO PENA
1378	25	AVENIDA INDEPENDENCIA
1379	1245	RI
1380	657	RUA C 25
1381	516	RUA F 5
1382	579	RUA ANDROMEDA
1383	328	ALAMEDA MANGUBAS,DAS
1384	394	R CARVALHOS,DOS
1385	1128	RUA T3 COM T50
1386	542	RUA ISMERINO SOARES DE CARVALHO QD 122 LT 27
1387	647	AVENIDA S- 2
1388	529	AVENIDA T 1
1389	651	RUA GV 2
1390	338	RUA DIVISA,DA
1391	625	RUA GV 5
1392	116	R SRM 21
1393	558	R A 20
1394	508	RUA LUZILANDIA
1395	1103	RUA A 10
1396	985	RUA TEAR,DO
1397	778	RUA IBIRAPITINGA
1398	588	RUA GV 26
1399	697	RUA C 229
1400	79	AVENIDA DONA MARIA CARDOSO
1401	314	RUA 8 A
1402	471	RUA SB 42
1403	1417	AV. ALPHAVILLE FLAMBOYANT
1404	134	RUA C 55
1405	289	RUA 19
1406	1155	AVENIDA NONA AV
1407	597	RUA CARLOS GOMES
1408	147	AVENIDA ALPHAVILLE FLAMBOYANT
1409	94	AVENIDA C 182
1410	1019	RUA C 151 A
1411	1174	AVENIDA MANTIQUEIRA
1412	602	RUA RB 46 A
1413	908	RUA BERNARDO GUIMARAES
1414	99	ALAMEDA IMBE
1415	1284	R H 7
1416	637	RUA T 63
1417	172	RUA 82
1418	915	RUA C 158
1419	1169	RUA CABO 5
1420	1455	RUA T - 27 QD. 30 LT. 060708
1421	1374	AVENIDA DONA TEREZINHA DE MORAIS
1422	1020	ALAMEDA DOS JASMINS
1423	739	RUA MACARANDUBA
1424	149	RUA 104 A
1425	1364	RUA LONDRINA
1426	984	RUA CUIABA
1427	995	RUA 88 B
1428	583	RUA BABACU,DO
1429	550	AVENIDA C 235
1430	760	R A 6
1431	546	RUA CAMARAO,DO
1432	917	RUA 119
1433	1341	RUA MARISCO,DO
1434	120	RUA 6
1435	393	RUA T-30 E RUA T-33 QUADRA 84 LOTES 68 – 1417
1436	183	R FENIX,DAS
1437	1345	R B 8
1438	296	RUA T 47
1439	333	RUA GUAJÁ
1440	1184	RUA C 137
1441	346	R GOMES DE SANTANA RAMOS
1442	95	RUA DO CURIMÃ
1443	278	RUA SEN DOMINGOS VELASCO
1444	68	AV SAO JOAO
1445	1464	AV.MILÃO
1446	1319	RUA ANTONIO MORAIS NETO
1447	267	RUA 58
1448	1303	RUA 56, JARDIM GOIÁS , GOIÂNIA-GO
1449	1285	RUA ALVORADA DO NORTE
1450	1274	AVENIDA MARIA GONCALVES DE ARAUJO
1451	965	AVENIDA JAMEL CECILIO
1452	254	RUA T 62
1453	24	RUA RB 32 A
1454	1215	T  7
1455	859	AVENIDA B
1456	527	RUA C 130
1457	1086	RUA CEDRO
1458	1377	RUA 52 ESQ. C RUA 66 QUADRA B-27 LOTES 0612A
1459	1476	RUA CP 4
1460	241	RUA S 3
1461	1238	RUA W 12
1462	318	AVENIDA MAL RONDON
1463	840	RUA 1040
1464	1058	RUA T-0036
1465	709	RUA C-180 QUADRA 454 LOTE 04
1466	1014	RUA 56 QUADRA B-20 LOTE 412
1467	285	RUA G
1468	1039	RUA COMERCIARIOS,DOS
1469	763	RUA C 97
1470	750	RUA MARIALVA
1471	492	ALAMEDA P 2
1472	1346	RUA VB 46
1473	29	AVENIDA ANTONIO FIDELIS
1474	677	RUA MAGNOLIAS,DAS
1475	423	R EUCALIPTOS,DOS
1476	219	RUA C 79
